2727,2023-12-29 09:03:20,774707,595396,K-I,PCCC2,6.9,7.13,0.21,mmol/L,-1s,Approved
2715,2023-12-29 09:03:20,774707,595396,CL-I,PCCC2,98.47,102.0,3.0,mmol/L,-1s,Approved
2716,2023-12-29 09:03:19,774693,598376,CL-I,PCCC1,83.94,83.3,2.5,mmol/L,Average,Approved
2728,2023-12-29 09:03:19,774693,598376,K-I,PCCC1,3.5300000000000002,3.55,0.11,mmol/L,Average,Approved
2736,2023-12-29 09:03:19,774707,595396,NA-I,PCCC2,131.69,138.0,4.0,mmol/L,-1s,Approved
2735,2023-12-29 09:03:19,774693,598376,NA-I,PCCC1,112.65,114.0,3.0,mmol/L,Average,Approved
2720,2023-12-29 09:02:57,774707,595396,CRP4,PCCC2,5.06,5.1,0.34,mg/dl,Average,Approved
2719,2023-12-29 09:02:57,774693,598376,CRP4,PCCC1,0.59,0.61,0.04,mg/dl,Average,Approved
2731,2023-12-29 09:02:36,774707,595396,LIP,PCCC2,95.23,98.9,5.9,U/L,Average,Approved
2732,2023-12-29 09:02:35,774693,598376,LIP,PCCC1,44.94,44.9,2.7,U/L,Average,Approved
2743,2023-12-29 09:00:29,774707,595396,UREL,PCCC2,122.24,122.0,6.0,mg/dL,Average,Approved
2744,2023-12-29 09:00:29,774693,598376,UREL,PCCC1,39.96,38.9,1.9,mg/dL,Average,Approved
2742,2023-12-29 09:00:08,774693,598376,UA2,PCCC1,5.01,4.89,0.24,mg/dL,Average,Approved
2741,2023-12-29 09:00:08,774707,595396,UA2,PCCC2,10.15,10.1,0.5,mg/dL,Average,Approved
2740,2023-12-29 08:59:45,774707,595396,TRIGL,PCCC2,224.18,215.0,11.0,mg/dL,Average,Approved
2739,2023-12-29 08:59:45,774693,598376,TRIGL,PCCC1,124.98,117.0,6.0,mg/dL,+1s,Approved
2738,2023-12-29 08:59:25,774707,595396,PHOS2,PCCC2,8.27,8.31,0.42,mg/dL,Average,Approved
2737,2023-12-29 08:59:25,774693,598376,PHOS2,PCCC1,3.93,3.84,0.19,mg/dL,Average,Approved
2734,2023-12-29 08:56:13,774707,595396,MG-2,PCCC2,3.25,3.23,0.13,mg/dL,Average,Approved
2733,2023-12-29 08:56:13,774693,598376,MG-2,PCCC1,2.08,1.9100000000000001,0.08,mg/dL,+2s,Approved
2730,2023-12-29 08:55:52,774693,598376,LDHI2,PCCC1,163.35,168.0,10.0,U/L,Average,Approved
2729,2023-12-29 08:55:52,774707,595396,LDHI2,PCCC2,294.25,303.0,18.0,U/L,Average,Approved
2725,2023-12-29 08:55:31,774707,595396,HDLC4,PCCC2,49.94,49.5,4.0,mg/dL,Average,Approved
2726,2023-12-29 08:55:30,774693,598376,HDLC4,PCCC1,29.99,29.0,2.3,mg/dL,Average,Approved
2724,2023-12-29 08:55:09,774693,598376,GLUC3,PCCC1,107.91,102.0,5.0,mg/dL,+1s,Approved
2723,2023-12-29 08:55:09,774707,595396,GLUC3,PCCC2,247.7,243.0,12.0,mg/dL,Average,Approved
2721,2023-12-29 08:54:48,774707,595396,GGTI2,PCCC2,226.53,225.0,14.0,U/L,Average,Approved
2722,2023-12-29 08:54:48,774693,598376,GGTI2,PCCC1,57.16,54.6,3.3,U/L,Average,Approved
2718,2023-12-29 08:54:27,774707,595396,CREJ2,PCCC2,3.38,3.56,0.21,mg/dL,Average,Approved
2717,2023-12-29 08:54:27,774693,598376,CREJ2,PCCC1,1.06,1.07,0.06,mg/dL,Average,Approved
2714,2023-12-29 08:54:06,774693,598376,CKMB2,PCCC1,44.67,42.1,3.4,U/L,Average,Approved
2713,2023-12-29 08:54:06,774707,595396,CKMB2,PCCC2,94.12,93.0,7.4,U/L,Average,Approved
2712,2023-12-29 08:53:44,774693,598376,CK2,PCCC1,157.07,151.0,9.0,U/L,Average,Approved
2711,2023-12-29 08:53:44,774707,595396,CK2,PCCC2,264.88,267.0,16.0,U/L,Average,Approved
2710,2023-12-29 08:53:23,774707,595396,CHOL2,PCCC2,162.71,166.0,8.0,mg/dL,Average,Approved
2709,2023-12-29 08:53:23,774693,598376,CHOL2,PCCC1,101.01,102.0,5.0,mg/dL,Average,Approved
2707,2023-12-29 08:53:02,774707,595396,CA2,PCCC2,13.69,13.5,0.5,mg/dL,Average,Approved
2708,2023-12-29 08:53:01,774693,598376,CA2,PCCC1,9.16,8.86,0.35000000000000003,mg/dL,Average,Approved
2706,2023-12-29 08:52:40,774693,598376,BILT3,PCCC1,0.93,0.97,0.06,mg/dL,Average,Approved
2705,2023-12-29 08:52:40,774707,595396,BILT3,PCCC2,3.29,3.5700000000000003,0.21,mg/dL,-1s,Approved
2703,2023-12-29 08:52:19,774693,598376,BILD2,PCCC1,0.9500000000000001,0.9400000000000001,0.08,mg/dL,Average,Approved
2704,2023-12-29 08:52:19,774707,595396,BILD2,PCCC2,2.65,2.6,0.21,mg/dL,Average,Approved
2701,2023-12-29 08:51:58,774693,598376,ASTL,PCCC1,48.56,44.2,2.7,U/L,+1s,Approved
2702,2023-12-29 08:51:58,774707,595396,ASTL,PCCC2,147.69,141.0,8.0,U/L,Average,Approved
2699,2023-12-29 08:51:37,774707,595396,AMYL2,PCCC2,182.68,191.0,11.0,U/L,Average,Approved
2700,2023-12-29 08:51:36,774693,598376,AMYL2,PCCC1,78.71,80.1,4.8,U/L,Average,Approved
2697,2023-12-29 08:51:16,774707,595396,ALTL,PCCC2,109.91,124.0,7.0,U/L,-2s,Approved
2698,2023-12-29 08:51:15,774693,598376,ALTL,PCCC1,42.68,48.1,2.9,U/L,-1s,Approved
2696,2023-12-29 08:50:57,774693,598376,ALP2S,PCCC1,104.69,113.0,7.0,U/L,-1s,Approved
2695,2023-12-29 08:50:57,774707,595396,ALP2S,PCCC2,221.7,239.0,14.0,U/L,-1s,Approved
2693,2023-12-29 08:50:30,774707,595396,ALB2,PCCC2,5.61,5.41,0.32,g/dL,Average,Approved
2694,2023-12-29 08:50:29,774693,598376,ALB2,PCCC1,3.47,3.35,0.2,g/dL,Average,Approved
2685,2023-12-28 08:20:37,774707,595396,PHOS2,PCCC2,8.2,8.31,0.42,mg/dL,Average,Approved
2656,2023-12-28 08:20:15,774707,595396,CA2,PCCC2,13.6,13.5,0.5,mg/dL,Average,Approved
2655,2023-12-28 08:20:15,774693,598376,CA2,PCCC1,8.96,8.86,0.35000000000000003,mg/dL,Average,Approved
2654,2023-12-28 08:19:54,774707,595396,BILT3,PCCC2,3.49,3.5700000000000003,0.21,mg/dL,Average,Approved
2653,2023-12-28 08:19:54,774693,598376,BILT3,PCCC1,0.9,0.97,0.06,mg/dL,-1s,Approved
2651,2023-12-28 08:19:33,774693,598376,BILD2,PCCC1,0.9500000000000001,0.9400000000000001,0.08,mg/dL,Average,Approved
2652,2023-12-28 08:19:33,774707,595396,BILD2,PCCC2,2.68,2.6,0.21,mg/dL,Average,Approved
2649,2023-12-28 08:19:12,774707,595396,ASTL,PCCC2,147.57,141.0,8.0,U/L,Average,Approved
2650,2023-12-28 08:19:11,774693,598376,ASTL,PCCC1,48.33,44.2,2.7,U/L,+1s,Approved
2647,2023-12-28 08:18:50,774707,595396,AMYL2,PCCC2,181.42,191.0,11.0,U/L,Average,Approved
2648,2023-12-28 08:18:50,774693,598376,AMYL2,PCCC1,75.88,80.1,4.8,U/L,Average,Approved
2645,2023-12-28 08:18:29,774693,598376,ALTL,PCCC1,45.66,48.1,2.9,U/L,Average,Approved
2646,2023-12-28 08:18:29,774707,595396,ALTL,PCCC2,109.42,124.0,7.0,U/L,-2s,Approved
2643,2023-12-28 08:18:09,774707,595396,ALP2S,PCCC2,234.86,239.0,14.0,U/L,Average,Approved
2644,2023-12-28 08:18:08,774693,598376,ALP2S,PCCC1,98.43,113.0,7.0,U/L,-2s,Approved
2641,2023-12-28 08:17:48,774693,598376,ALB2,PCCC1,3.35,3.35,0.2,g/dL,Average,Approved
2642,2023-12-28 08:17:48,774707,595396,ALB2,PCCC2,5.63,5.41,0.32,g/dL,Average,Approved
2675,2023-12-28 08:12:08,774707,595396,K-I,PCCC2,7.0,7.13,0.21,mmol/L,Average,Approved
2663,2023-12-28 08:12:08,774707,595396,CL-I,PCCC2,96.95,102.0,3.0,mmol/L,-1s,Approved
2664,2023-12-28 08:12:08,774693,598376,CL-I,PCCC1,84.22,83.3,2.5,mmol/L,Average,Approved
2683,2023-12-28 08:12:08,774707,595396,NA-I,PCCC2,132.95,138.0,4.0,mmol/L,-1s,Approved
2676,2023-12-28 08:12:07,774693,598376,K-I,PCCC1,3.5300000000000002,3.55,0.11,mmol/L,Average,Approved
2684,2023-12-28 08:12:07,774693,598376,NA-I,PCCC1,111.36,114.0,3.0,mmol/L,Average,Approved
2668,2023-12-28 08:11:46,774693,598376,CRP4,PCCC1,0.5700000000000001,0.61,0.04,mg/dl,Average,Approved
2667,2023-12-28 08:11:46,774707,595396,CRP4,PCCC2,4.92,5.1,0.34,mg/dl,Average,Approved
2679,2023-12-28 08:11:25,774707,595396,LIP,PCCC2,96.03,98.9,5.9,U/L,Average,Approved
2680,2023-12-28 08:11:24,774693,598376,LIP,PCCC1,42.52,44.9,2.7,U/L,Average,Approved
2691,2023-12-28 08:11:04,774707,595396,UREL,PCCC2,122.25,122.0,6.0,mg/dL,Average,Approved
2692,2023-12-28 08:11:03,774693,598376,UREL,PCCC1,37.59,38.9,1.9,mg/dL,Average,Approved
2689,2023-12-28 08:10:42,774707,595396,UA2,PCCC2,10.06,10.1,0.5,mg/dL,Average,Approved
2690,2023-12-28 08:10:42,774693,598376,UA2,PCCC1,4.86,4.89,0.24,mg/dL,Average,Approved
2688,2023-12-28 08:10:22,774693,598376,TRIGL,PCCC1,118.16,117.0,6.0,mg/dL,Average,Approved
2687,2023-12-28 08:10:22,774707,595396,TRIGL,PCCC2,219.95,215.0,11.0,mg/dL,Average,Approved
2686,2023-12-28 08:09:59,774693,598376,PHOS2,PCCC1,3.87,3.84,0.19,mg/dL,Average,Approved
2681,2023-12-28 08:09:38,774707,595396,MG-2,PCCC2,3.25,3.23,0.13,mg/dL,Average,Approved
2682,2023-12-28 08:09:38,774693,598376,MG-2,PCCC1,1.98,1.9100000000000001,0.08,mg/dL,Average,Approved
2677,2023-12-28 08:09:17,774693,598376,LDHI2,PCCC1,161.26,168.0,10.0,U/L,Average,Approved
2678,2023-12-28 08:09:17,774707,595396,LDHI2,PCCC2,287.63,303.0,18.0,U/L,Average,Approved
2673,2023-12-28 08:08:56,774707,595396,HDLC4,PCCC2,49.41,49.5,4.0,mg/dL,Average,Approved
2674,2023-12-28 08:08:55,774693,598376,HDLC4,PCCC1,28.54,29.0,2.3,mg/dL,Average,Approved
2671,2023-12-28 08:08:35,774707,595396,GLUC3,PCCC2,246.51,243.0,12.0,mg/dL,Average,Approved
2672,2023-12-28 08:08:34,774693,598376,GLUC3,PCCC1,101.85,102.0,5.0,mg/dL,Average,Approved
2670,2023-12-28 08:08:13,774693,598376,GGTI2,PCCC1,53.55,54.6,3.3,U/L,Average,Approved
2669,2023-12-28 08:08:13,774707,595396,GGTI2,PCCC2,223.13,225.0,14.0,U/L,Average,Approved
2665,2023-12-28 08:07:52,774693,598376,CREJ2,PCCC1,1.03,1.07,0.06,mg/dL,Average,Approved
2666,2023-12-28 08:07:52,774707,595396,CREJ2,PCCC2,3.34,3.56,0.21,mg/dL,-1s,Approved
2662,2023-12-28 08:07:31,774707,595396,CKMB2,PCCC2,96.85,93.0,7.4,U/L,Average,Approved
2661,2023-12-28 08:07:31,774693,598376,CKMB2,PCCC1,44.46,42.1,3.4,U/L,Average,Approved
2660,2023-12-28 08:07:12,774693,598376,CK2,PCCC1,153.89,151.0,9.0,U/L,Average,Approved
2659,2023-12-28 08:07:12,774707,595396,CK2,PCCC2,271.23,267.0,16.0,U/L,Average,Approved
2657,2023-12-28 08:06:45,774707,595396,CHOL2,PCCC2,162.8,166.0,8.0,mg/dL,Average,Approved
2658,2023-12-28 08:06:44,774693,598376,CHOL2,PCCC1,96.47,102.0,5.0,mg/dL,-1s,Approved
2598,2023-12-27 11:10:15,774707,595396,BILD2,PCCC2,2.62,2.6,0.21,mg/dL,Average,Approved
2597,2023-12-27 11:10:15,774693,598376,BILD2,PCCC1,1.0,0.9400000000000001,0.08,mg/dL,Average,Approved
2609,2023-12-27 08:49:25,774693,598376,CKMB2,PCCC1,45.63,42.1,3.4,U/L,+1s,Approved
2615,2023-12-27 08:49:03,774707,595396,CRP4,PCCC2,4.98,5.1,0.34,mg/dl,Average,Approved
2616,2023-12-27 08:49:03,774693,598376,CRP4,PCCC1,0.59,0.61,0.04,mg/dl,Average,Approved
2627,2023-12-27 08:48:42,774707,595396,LIP,PCCC2,93.2,98.9,5.9,U/L,Average,Approved
2628,2023-12-27 08:48:41,774693,598376,LIP,PCCC1,43.48,44.9,2.7,U/L,Average,Approved
2640,2023-12-27 08:46:35,774707,595396,UREL,PCCC2,124.15,122.0,6.0,mg/dL,Average,Approved
2639,2023-12-27 08:46:35,774693,598376,UREL,PCCC1,41.04,38.9,1.9,mg/dL,+1s,Approved
2637,2023-12-27 08:46:14,774707,595396,UA2,PCCC2,10.32,10.1,0.5,mg/dL,Average,Approved
2638,2023-12-27 08:46:14,774693,598376,UA2,PCCC1,5.05,4.89,0.24,mg/dL,Average,Approved
2636,2023-12-27 08:45:51,774707,595396,TRIGL,PCCC2,225.13,215.0,11.0,mg/dL,Average,Approved
2635,2023-12-27 08:45:51,774693,598376,TRIGL,PCCC1,125.09,117.0,6.0,mg/dL,+1s,Approved
2634,2023-12-27 08:45:31,774693,598376,PHOS2,PCCC1,4.06,3.84,0.19,mg/dL,+1s,Approved
2633,2023-12-27 08:45:31,774707,595396,PHOS2,PCCC2,8.47,8.31,0.42,mg/dL,Average,Approved
2629,2023-12-27 08:42:19,774707,595396,MG-2,PCCC2,3.29,3.23,0.13,mg/dL,Average,Approved
2630,2023-12-27 08:42:19,774693,598376,MG-2,PCCC1,2.08,1.9100000000000001,0.08,mg/dL,+2s,Approved
2625,2023-12-27 08:41:58,774707,595396,LDHI2,PCCC2,300.67,303.0,18.0,U/L,Average,Approved
2626,2023-12-27 08:41:58,774693,598376,LDHI2,PCCC1,170.56,168.0,10.0,U/L,Average,Approved
2621,2023-12-27 08:41:37,774707,595396,HDLC4,PCCC2,49.93,49.5,4.0,mg/dL,Average,Approved
2622,2023-12-27 08:41:36,774693,598376,HDLC4,PCCC1,28.96,29.0,2.3,mg/dL,Average,Approved
2619,2023-12-27 08:41:16,774707,595396,GLUC3,PCCC2,252.78,243.0,12.0,mg/dL,Average,Approved
2620,2023-12-27 08:41:15,774693,598376,GLUC3,PCCC1,109.27,102.0,5.0,mg/dL,+1s,Approved
2618,2023-12-27 08:40:54,774707,595396,GGTI2,PCCC2,228.81,225.0,14.0,U/L,Average,Approved
2617,2023-12-27 08:40:54,774693,598376,GGTI2,PCCC1,55.32,54.6,3.3,U/L,Average,Approved
2614,2023-12-27 08:40:33,774707,595396,CREJ2,PCCC2,3.35,3.56,0.21,mg/dL,Average,Approved
2613,2023-12-27 08:40:33,774693,598376,CREJ2,PCCC1,1.05,1.07,0.06,mg/dL,Average,Approved
2610,2023-12-27 08:40:12,774707,595396,CKMB2,PCCC2,96.4,93.0,7.4,U/L,Average,Approved
2608,2023-12-27 08:39:50,774693,598376,CK2,PCCC1,155.11,151.0,9.0,U/L,Average,Approved
2607,2023-12-27 08:39:50,774707,595396,CK2,PCCC2,256.79,267.0,16.0,U/L,Average,Approved
2606,2023-12-27 08:39:29,774707,595396,CHOL2,PCCC2,167.2,166.0,8.0,mg/dL,Average,Approved
2605,2023-12-27 08:39:29,774693,598376,CHOL2,PCCC1,101.79,102.0,5.0,mg/dL,Average,Approved
2603,2023-12-27 08:39:08,774693,598376,CA2,PCCC1,9.2,8.86,0.35000000000000003,mg/dL,Average,Approved
2604,2023-12-27 08:39:08,774707,595396,CA2,PCCC2,13.6,13.5,0.5,mg/dL,Average,Approved
2601,2023-12-27 08:38:46,774693,598376,BILT3,PCCC1,0.87,0.97,0.06,mg/dL,-1s,Approved
2602,2023-12-27 08:38:46,774707,595396,BILT3,PCCC2,3.2800000000000002,3.5700000000000003,0.21,mg/dL,-1s,Approved
2600,2023-12-27 08:38:25,774707,595396,BILD2,PCCC2,2.15,2.6,0.21,mg/dL,-2s,Approved
2599,2023-12-27 08:38:25,774693,598376,BILD2,PCCC1,0.74,0.9400000000000001,0.08,mg/dL,-2s,Approved
2595,2023-12-27 08:38:04,774693,598376,ASTL,PCCC1,48.98,44.2,2.7,U/L,+1s,Approved
2596,2023-12-27 08:38:04,774707,595396,ASTL,PCCC2,156.48,141.0,8.0,U/L,+1s,Approved
2594,2023-12-27 08:37:43,774693,598376,AMYL2,PCCC1,77.74,80.1,4.8,U/L,Average,Approved
2593,2023-12-27 08:37:43,774707,595396,AMYL2,PCCC2,184.85,191.0,11.0,U/L,Average,Approved
2591,2023-12-27 08:37:22,774707,595396,ALTL,PCCC2,117.91,124.0,7.0,U/L,Average,Approved
2592,2023-12-27 08:37:21,774693,598376,ALTL,PCCC1,47.05,48.1,2.9,U/L,Average,Approved
2590,2023-12-27 08:37:03,774693,598376,ALP2S,PCCC1,115.5,113.0,7.0,U/L,Average,Approved
2589,2023-12-27 08:37:03,774707,595396,ALP2S,PCCC2,239.84,239.0,14.0,U/L,Average,Approved
2587,2023-12-27 08:36:36,774707,595396,ALB2,PCCC2,5.7,5.41,0.32,g/dL,Average,Approved
2588,2023-12-27 08:36:35,774693,598376,ALB2,PCCC1,3.48,3.35,0.2,g/dL,Average,Approved
2631,2023-12-27 08:23:37,774707,595396,NA-I,PCCC2,134.11,138.0,4.0,mmol/L,Average,Approved
2623,2023-12-27 08:23:37,774707,595396,K-I,PCCC2,7.02,7.13,0.21,mmol/L,Average,Approved
2624,2023-12-27 08:23:36,774693,598376,K-I,PCCC1,3.55,3.55,0.11,mmol/L,Average,Approved
2632,2023-12-27 08:23:36,774693,598376,NA-I,PCCC1,112.99,114.0,3.0,mmol/L,Average,Approved
2612,2023-12-27 08:18:04,774707,595396,CL-I,PCCC2,100.89,102.0,3.0,mmol/L,Average,Approved
2611,2023-12-27 08:18:04,774693,598376,CL-I,PCCC1,86.24,83.3,2.5,mmol/L,+1s,Approved
2571,2023-12-26 08:59:17,774707,595396,LDHI2,PCCC2,295.01,303.0,18.0,U/L,Average,Approved
2572,2023-12-26 08:59:17,774693,598376,LDHI2,PCCC1,167.22,168.0,10.0,U/L,Average,Approved
2567,2023-12-26 08:58:56,774707,595396,HDLC4,PCCC2,48.83,49.5,4.0,mg/dL,Average,Approved
2568,2023-12-26 08:58:55,774693,598376,HDLC4,PCCC1,28.37,29.0,2.3,mg/dL,Average,Approved
2566,2023-12-26 08:58:34,774693,598376,GLUC3,PCCC1,104.22,102.0,5.0,mg/dL,Average,Approved
2565,2023-12-26 08:58:34,774707,595396,GLUC3,PCCC2,242.36,243.0,12.0,mg/dL,Average,Approved
2564,2023-12-26 08:58:13,774693,598376,GGTI2,PCCC1,53.42,54.6,3.3,U/L,Average,Approved
2563,2023-12-26 08:58:13,774707,595396,GGTI2,PCCC2,221.65,225.0,14.0,U/L,Average,Approved
2559,2023-12-26 08:57:52,774707,595396,CREJ2,PCCC2,3.09,3.56,0.21,mg/dL,-2s,Approved
2560,2023-12-26 08:57:52,774693,598376,CREJ2,PCCC1,0.97,1.07,0.06,mg/dL,-1s,Approved
2555,2023-12-26 08:57:31,774707,595396,CKMB2,PCCC2,94.9,93.0,7.4,U/L,Average,Approved
2556,2023-12-26 08:57:30,774693,598376,CKMB2,PCCC1,42.56,42.1,3.4,U/L,Average,Approved
2554,2023-12-26 08:57:09,774693,598376,CK2,PCCC1,147.06,151.0,9.0,U/L,Average,Approved
2553,2023-12-26 08:57:09,774707,595396,CK2,PCCC2,265.88,267.0,16.0,U/L,Average,Approved
2552,2023-12-26 08:56:48,774693,598376,CHOL2,PCCC1,98.61,102.0,5.0,mg/dL,Average,Approved
2551,2023-12-26 08:56:48,774707,595396,CHOL2,PCCC2,159.86,166.0,8.0,mg/dL,Average,Approved
2549,2023-12-26 08:56:27,774707,595396,CA2,PCCC2,13.49,13.5,0.5,mg/dL,Average,Approved
2550,2023-12-26 08:56:26,774693,598376,CA2,PCCC1,8.96,8.86,0.35000000000000003,mg/dL,Average,Approved
2548,2023-12-26 08:56:05,774707,595396,BILT3,PCCC2,3.38,3.5700000000000003,0.21,mg/dL,Average,Approved
2547,2023-12-26 08:56:05,774693,598376,BILT3,PCCC1,0.9,0.97,0.06,mg/dL,-1s,Approved
2545,2023-12-26 08:55:44,774693,598376,BILD2,PCCC1,0.74,0.9400000000000001,0.08,mg/dL,-2s,Approved
2546,2023-12-26 08:55:44,774707,595396,BILD2,PCCC2,2.14,2.6,0.21,mg/dL,-2s,Approved
2543,2023-12-26 08:55:24,774707,595396,ASTL,PCCC2,148.28,141.0,8.0,U/L,Average,Approved
2544,2023-12-26 08:55:24,774693,598376,ASTL,PCCC1,47.38,44.2,2.7,U/L,+1s,Approved
2542,2023-12-26 08:55:03,774693,598376,AMYL2,PCCC1,75.33,80.1,4.8,U/L,Average,Approved
2541,2023-12-26 08:55:03,774707,595396,AMYL2,PCCC2,178.79,191.0,11.0,U/L,-1s,Approved
2539,2023-12-26 08:54:41,774707,595396,ALTL,PCCC2,118.37,124.0,7.0,U/L,Average,Approved
2540,2023-12-26 08:54:40,774693,598376,ALTL,PCCC1,47.43,48.1,2.9,U/L,Average,Approved
2538,2023-12-26 08:54:20,774707,595396,ALP2S,PCCC2,237.51,239.0,14.0,U/L,Average,Approved
2537,2023-12-26 08:54:20,774693,598376,ALP2S,PCCC1,108.48,113.0,7.0,U/L,Average,Approved
2536,2023-12-26 08:53:58,774707,595396,ALB2,PCCC2,5.51,5.41,0.32,g/dL,Average,Approved
2535,2023-12-26 08:53:58,774693,598376,ALB2,PCCC1,3.35,3.35,0.2,g/dL,Average,Approved
2557,2023-12-26 08:49:12,774707,595396,CL-I,PCCC2,99.09,102.0,3.0,mmol/L,Average,Approved
2558,2023-12-26 08:49:12,774693,598376,CL-I,PCCC1,84.17,83.3,2.5,mmol/L,Average,Approved
2577,2023-12-26 08:49:12,774707,595396,NA-I,PCCC2,132.51,138.0,4.0,mmol/L,-1s,Approved
2569,2023-12-26 08:49:12,774693,598376,K-I,PCCC1,3.44,3.55,0.11,mmol/L,Average,Approved
2570,2023-12-26 08:49:12,774707,595396,K-I,PCCC2,6.95,7.13,0.21,mmol/L,Average,Approved
2578,2023-12-26 08:49:11,774693,598376,NA-I,PCCC1,109.03,114.0,3.0,mmol/L,-1s,Approved
2562,2023-12-26 08:48:50,774707,595396,CRP4,PCCC2,4.59,5.1,0.34,mg/dl,-1s,Approved
2561,2023-12-26 08:48:50,774693,598376,CRP4,PCCC1,0.55,0.61,0.04,mg/dl,-1s,Approved
2573,2023-12-26 08:48:29,774707,595396,LIP,PCCC2,92.56,98.9,5.9,U/L,-1s,Approved
2574,2023-12-26 08:48:28,774693,598376,LIP,PCCC1,43.03,44.9,2.7,U/L,Average,Approved
2585,2023-12-26 08:48:08,774707,595396,UREL,PCCC2,124.65,122.0,6.0,mg/dL,Average,Approved
2586,2023-12-26 08:48:07,774693,598376,UREL,PCCC1,37.69,38.9,1.9,mg/dL,Average,Approved
2583,2023-12-26 08:47:46,774707,595396,UA2,PCCC2,9.99,10.1,0.5,mg/dL,Average,Approved
2584,2023-12-26 08:47:46,774693,598376,UA2,PCCC1,4.84,4.89,0.24,mg/dL,Average,Approved
2581,2023-12-26 08:47:25,774707,595396,TRIGL,PCCC2,220.3,215.0,11.0,mg/dL,Average,Approved
2582,2023-12-26 08:47:25,774693,598376,TRIGL,PCCC1,119.12,117.0,6.0,mg/dL,Average,Approved
2579,2023-12-26 08:47:07,774707,595396,PHOS2,PCCC2,8.22,8.31,0.42,mg/dL,Average,Approved
2580,2023-12-26 08:47:06,774693,598376,PHOS2,PCCC1,3.86,3.84,0.19,mg/dL,Average,Approved
2575,2023-12-26 08:46:39,774693,598376,MG-2,PCCC1,1.96,1.9100000000000001,0.08,mg/dL,Average,Approved
2576,2023-12-26 08:46:39,774707,595396,MG-2,PCCC2,3.2,3.23,0.13,mg/dL,Average,Approved
2492,2023-12-25 11:04:51,774707,595396,BILT3,PCCC2,3.6,3.5700000000000003,0.21,mg/dL,Average,Approved
2487,2023-12-25 11:04:49,774707,595396,BILD2,PCCC2,2.25,2.6,0.21,mg/dL,-1s,Approved
2493,2023-12-25 10:54:34,774693,598376,BILT3,PCCC1,0.98,0.97,0.06,mg/dL,Average,Approved
2488,2023-12-25 10:54:32,774693,598376,BILD2,PCCC1,0.79,0.9400000000000001,0.08,mg/dL,-2s,Approved
2494,2023-12-25 10:24:42,774693,598376,BILT3,PCCC1,0.75,0.97,0.06,mg/dL,-3s,Failed
2489,2023-12-25 10:24:40,774693,598376,BILD2,PCCC1,0.66,0.9400000000000001,0.08,mg/dL,-3s,Failed
2510,2023-12-25 10:06:18,774707,595396,CRP4,PCCC2,5.14,5.1,0.34,mg/dl,Average,Approved
2509,2023-12-25 10:06:18,774693,598376,CRP4,PCCC1,0.6000000000000001,0.61,0.04,mg/dl,Average,Approved
2521,2023-12-25 10:04:21,774707,595396,LIP,PCCC2,95.38,98.9,5.9,U/L,Average,Approved
2522,2023-12-25 10:04:21,774693,598376,LIP,PCCC1,43.69,44.9,2.7,U/L,Average,Approved
2533,2023-12-25 10:03:59,774707,595396,UREL,PCCC2,130.28,122.0,6.0,mg/dL,+1s,Approved
2534,2023-12-25 10:03:58,774693,598376,UREL,PCCC1,41.23,38.9,1.9,mg/dL,+1s,Approved
2531,2023-12-25 10:03:27,774707,595396,UA2,PCCC2,10.61,10.1,0.5,mg/dL,+1s,Approved
2532,2023-12-25 10:03:27,774693,598376,UA2,PCCC1,5.08,4.89,0.24,mg/dL,Average,Approved
2529,2023-12-25 10:03:06,774707,595396,TRIGL,PCCC2,225.25,215.0,11.0,mg/dL,Average,Approved
2530,2023-12-25 10:03:05,774693,598376,TRIGL,PCCC1,125.68,117.0,6.0,mg/dL,+1s,Approved
2528,2023-12-25 10:02:34,774693,598376,PHOS2,PCCC1,3.9699999999999998,3.84,0.19,mg/dL,Average,Approved
2527,2023-12-25 10:02:34,774707,595396,PHOS2,PCCC2,8.51,8.31,0.42,mg/dL,Average,Approved
2523,2023-12-25 10:02:13,774707,595396,MG-2,PCCC2,3.3,3.23,0.13,mg/dL,Average,Approved
2524,2023-12-25 10:02:12,774693,598376,MG-2,PCCC1,2.0,1.9100000000000001,0.08,mg/dL,+1s,Approved
2519,2023-12-25 10:01:42,774707,595396,LDHI2,PCCC2,298.68,303.0,18.0,U/L,Average,Approved
2520,2023-12-25 10:01:41,774693,598376,LDHI2,PCCC1,172.49,168.0,10.0,U/L,Average,Approved
2515,2023-12-25 10:00:26,774693,598376,HDLC4,PCCC1,29.66,29.0,2.3,mg/dL,Average,Approved
2516,2023-12-25 10:00:26,774707,595396,HDLC4,PCCC2,51.11,49.5,4.0,mg/dL,Average,Approved
2514,2023-12-25 10:00:06,774707,595396,GLUC3,PCCC2,246.38,243.0,12.0,mg/dL,Average,Approved
2513,2023-12-25 10:00:06,774693,598376,GLUC3,PCCC1,106.31,102.0,5.0,mg/dL,Average,Approved
2512,2023-12-25 09:59:45,774693,598376,GGTI2,PCCC1,55.94,54.6,3.3,U/L,Average,Approved
2511,2023-12-25 09:59:45,774707,595396,GGTI2,PCCC2,230.69,225.0,14.0,U/L,Average,Approved
2507,2023-12-25 09:59:22,774707,595396,CREJ2,PCCC2,3.35,3.56,0.21,mg/dL,-1s,Approved
2508,2023-12-25 09:59:22,774693,598376,CREJ2,PCCC1,1.02,1.07,0.06,mg/dL,Average,Approved
2503,2023-12-25 09:59:02,774707,595396,CKMB2,PCCC2,95.57,93.0,7.4,U/L,Average,Approved
2504,2023-12-25 09:59:01,774693,598376,CKMB2,PCCC1,45.54,42.1,3.4,U/L,+1s,Approved
2502,2023-12-25 09:58:40,774693,598376,CK2,PCCC1,157.43,151.0,9.0,U/L,Average,Approved
2501,2023-12-25 09:58:40,774707,595396,CK2,PCCC2,271.66,267.0,16.0,U/L,Average,Approved
2499,2023-12-25 09:58:19,774693,598376,CHOL2,PCCC1,102.33,102.0,5.0,mg/dL,Average,Approved
2500,2023-12-25 09:58:19,774707,595396,CHOL2,PCCC2,165.93,166.0,8.0,mg/dL,Average,Approved
2498,2023-12-25 09:57:58,774707,595396,CA2,PCCC2,13.61,13.5,0.5,mg/dL,Average,Approved
2497,2023-12-25 09:57:58,774693,598376,CA2,PCCC1,9.01,8.86,0.35000000000000003,mg/dL,Average,Approved
2495,2023-12-25 09:56:11,774693,598376,BILT3,PCCC1,0.8,0.97,0.06,mg/dL,-2s,Approved
2496,2023-12-25 09:56:11,774707,595396,BILT3,PCCC2,3.24,3.5700000000000003,0.21,mg/dL,-1s,Approved
2491,2023-12-25 09:55:39,774707,595396,BILD2,PCCC2,2.11,2.6,0.21,mg/dL,-2s,Approved
2490,2023-12-25 09:55:39,774693,598376,BILD2,PCCC1,0.73,0.9400000000000001,0.08,mg/dL,-2s,Approved
2485,2023-12-25 09:55:18,774707,595396,ASTL,PCCC2,153.03,141.0,8.0,U/L,+1s,Approved
2486,2023-12-25 09:55:18,774693,598376,ASTL,PCCC1,46.57,44.2,2.7,U/L,Average,Approved
2483,2023-12-25 09:54:46,774707,595396,AMYL2,PCCC2,186.25,191.0,11.0,U/L,Average,Approved
2484,2023-12-25 09:54:46,774693,598376,AMYL2,PCCC1,77.42,80.1,4.8,U/L,Average,Approved
2482,2023-12-25 09:54:25,774707,595396,ALTL,PCCC2,118.44,124.0,7.0,U/L,Average,Approved
2481,2023-12-25 09:54:25,774693,598376,ALTL,PCCC1,45.9,48.1,2.9,U/L,Average,Approved
2479,2023-12-25 09:53:49,774707,595396,ALP2S,PCCC2,246.18,239.0,14.0,U/L,Average,Approved
2480,2023-12-25 09:53:48,774693,598376,ALP2S,PCCC1,115.9,113.0,7.0,U/L,Average,Approved
2478,2023-12-25 09:53:28,774693,598376,ALB2,PCCC1,3.4,3.35,0.2,g/dL,Average,Approved
2477,2023-12-25 09:53:28,774707,595396,ALB2,PCCC2,5.58,5.41,0.32,g/dL,Average,Approved
2505,2023-12-25 09:51:48,774707,595396,CL-I,PCCC2,102.03,102.0,3.0,mmol/L,Average,Approved
2517,2023-12-25 09:51:48,774707,595396,K-I,PCCC2,6.66,7.13,0.21,mmol/L,-2s,Approved
2525,2023-12-25 09:51:48,774707,595396,NA-I,PCCC2,134.85,138.0,4.0,mmol/L,Average,Approved
2526,2023-12-25 09:51:47,774693,598376,NA-I,PCCC1,112.91,114.0,3.0,mmol/L,Average,Approved
2506,2023-12-25 09:51:47,774693,598376,CL-I,PCCC1,83.65,83.3,2.5,mmol/L,Average,Approved
2518,2023-12-25 09:51:47,774693,598376,K-I,PCCC1,3.49,3.55,0.11,mmol/L,Average,Approved
2451,2023-12-24 09:02:49,774707,595396,CRP4,PCCC2,4.97,5.1,0.34,mg/dl,Average,Approved
2452,2023-12-24 09:02:49,774693,598376,CRP4,PCCC1,0.58,0.61,0.04,mg/dl,Average,Approved
2463,2023-12-24 09:02:19,774707,595396,LIP,PCCC2,95.13,98.9,5.9,U/L,Average,Approved
2464,2023-12-24 09:02:18,774693,598376,LIP,PCCC1,42.64,44.9,2.7,U/L,Average,Approved
2475,2023-12-24 09:01:57,774707,595396,UREL,PCCC2,126.39,122.0,6.0,mg/dL,Average,Approved
2476,2023-12-24 09:01:56,774693,598376,UREL,PCCC1,39.76,38.9,1.9,mg/dL,Average,Approved
2473,2023-12-24 09:01:25,774707,595396,UA2,PCCC2,10.1,10.1,0.5,mg/dL,Average,Approved
2474,2023-12-24 09:01:24,774693,598376,UA2,PCCC1,4.82,4.89,0.24,mg/dL,Average,Approved
2471,2023-12-24 09:01:03,774693,598376,TRIGL,PCCC1,118.61,117.0,6.0,mg/dL,Average,Approved
2472,2023-12-24 09:01:03,774707,595396,TRIGL,PCCC2,222.14,215.0,11.0,mg/dL,Average,Approved
2469,2023-12-24 09:00:33,774707,595396,PHOS2,PCCC2,8.26,8.31,0.42,mg/dL,Average,Approved
2470,2023-12-24 09:00:32,774693,598376,PHOS2,PCCC1,3.76,3.84,0.19,mg/dL,Average,Approved
2465,2023-12-24 09:00:10,774693,598376,MG-2,PCCC1,1.9100000000000001,1.9100000000000001,0.08,mg/dL,Average,Approved
2466,2023-12-24 09:00:10,774707,595396,MG-2,PCCC2,3.22,3.23,0.13,mg/dL,Average,Approved
2461,2023-12-24 08:59:39,774707,595396,LDHI2,PCCC2,285.84,303.0,18.0,U/L,Average,Approved
2462,2023-12-24 08:59:39,774693,598376,LDHI2,PCCC1,167.81,168.0,10.0,U/L,Average,Approved
2457,2023-12-24 08:58:36,774707,595396,HDLC4,PCCC2,50.44,49.5,4.0,mg/dL,Average,Approved
2458,2023-12-24 08:58:35,774693,598376,HDLC4,PCCC1,27.92,29.0,2.3,mg/dL,Average,Approved
2456,2023-12-24 08:58:13,774693,598376,GLUC3,PCCC1,104.23,102.0,5.0,mg/dL,Average,Approved
2455,2023-12-24 08:58:13,774707,595396,GLUC3,PCCC2,244.46,243.0,12.0,mg/dL,Average,Approved
2454,2023-12-24 08:57:53,774707,595396,GGTI2,PCCC2,222.91,225.0,14.0,U/L,Average,Approved
2453,2023-12-24 08:57:53,774693,598376,GGTI2,PCCC1,53.64,54.6,3.3,U/L,Average,Approved
2450,2023-12-24 08:57:31,774693,598376,CREJ2,PCCC1,0.98,1.07,0.06,mg/dL,-1s,Approved
2449,2023-12-24 08:57:31,774707,595396,CREJ2,PCCC2,3.32,3.56,0.21,mg/dL,-1s,Approved
2445,2023-12-24 08:56:59,774707,595396,CKMB2,PCCC2,95.87,93.0,7.4,U/L,Average,Approved
2446,2023-12-24 08:56:59,774693,598376,CKMB2,PCCC1,42.86,42.1,3.4,U/L,Average,Approved
2444,2023-12-24 08:56:38,774693,598376,CK2,PCCC1,149.97,151.0,9.0,U/L,Average,Approved
2443,2023-12-24 08:56:38,774707,595396,CK2,PCCC2,266.64,267.0,16.0,U/L,Average,Approved
2441,2023-12-24 08:56:16,774707,595396,CHOL2,PCCC2,164.41,166.0,8.0,mg/dL,Average,Approved
2442,2023-12-24 08:56:16,774693,598376,CHOL2,PCCC1,97.89,102.0,5.0,mg/dL,Average,Approved
2439,2023-12-24 08:55:55,774707,595396,CA2,PCCC2,13.44,13.5,0.5,mg/dL,Average,Approved
2440,2023-12-24 08:55:55,774693,598376,CA2,PCCC1,8.74,8.86,0.35000000000000003,mg/dL,Average,Approved
2437,2023-12-24 08:54:20,774707,595396,BILT3,PCCC2,3.34,3.5700000000000003,0.21,mg/dL,-1s,Approved
2438,2023-12-24 08:54:19,774693,598376,BILT3,PCCC1,0.8300000000000001,0.97,0.06,mg/dL,-2s,Approved
2435,2023-12-24 08:53:48,774707,595396,BILD2,PCCC2,2.14,2.6,0.21,mg/dL,-2s,Approved
2436,2023-12-24 08:53:47,774693,598376,BILD2,PCCC1,0.72,0.9400000000000001,0.08,mg/dL,-2s,Approved
2433,2023-12-24 08:53:26,774707,595396,ASTL,PCCC2,148.56,141.0,8.0,U/L,Average,Approved
2434,2023-12-24 08:53:26,774693,598376,ASTL,PCCC1,46.67,44.2,2.7,U/L,Average,Approved
2431,2023-12-24 08:52:44,774707,595396,AMYL2,PCCC2,182.29,191.0,11.0,U/L,Average,Approved
2432,2023-12-24 08:52:43,774693,598376,AMYL2,PCCC1,75.87,80.1,4.8,U/L,Average,Approved
2429,2023-12-24 08:52:23,774707,595396,ALTL,PCCC2,114.29,124.0,7.0,U/L,-1s,Approved
2430,2023-12-24 08:52:22,774693,598376,ALTL,PCCC1,45.16,48.1,2.9,U/L,-1s,Approved
2427,2023-12-24 08:51:37,774707,595396,ALP2S,PCCC2,235.19,239.0,14.0,U/L,Average,Approved
2428,2023-12-24 08:51:36,774693,598376,ALP2S,PCCC1,106.18,113.0,7.0,U/L,Average,Approved
2426,2023-12-24 08:51:15,774707,595396,ALB2,PCCC2,5.54,5.41,0.32,g/dL,Average,Approved
2425,2023-12-24 08:51:15,774693,598376,ALB2,PCCC1,3.4,3.35,0.2,g/dL,Average,Approved
2459,2023-12-24 08:50:31,774707,595396,K-I,PCCC2,6.83,7.13,0.21,mmol/L,-1s,Approved
2467,2023-12-24 08:50:31,774707,595396,NA-I,PCCC2,131.13,138.0,4.0,mmol/L,-1s,Approved
2448,2023-12-24 08:50:31,774707,595396,CL-I,PCCC2,100.36,102.0,3.0,mmol/L,Average,Approved
2447,2023-12-24 08:50:31,774693,598376,CL-I,PCCC1,81.87,83.3,2.5,mmol/L,Average,Approved
2468,2023-12-24 08:50:30,774693,598376,NA-I,PCCC1,106.39,114.0,3.0,mmol/L,-2s,Approved
2460,2023-12-24 08:50:30,774693,598376,K-I,PCCC1,3.35,3.55,0.11,mmol/L,-1s,Approved
2366,2023-12-23 10:50:05,774707,595396,BILD2,PCCC2,2.22,2.6,0.21,mg/dL,-1s,Approved
2367,2023-12-23 10:50:04,774693,598376,BILD2,PCCC1,0.8,0.9400000000000001,0.08,mg/dL,-1s,Approved
2368,2023-12-23 10:31:03,774693,598376,BILD2,PCCC1,0.76,0.9400000000000001,0.08,mg/dL,-2s,Approved
2369,2023-12-23 10:04:32,774693,598376,BILD2,PCCC1,0.6900000000000001,0.9400000000000001,0.08,mg/dL,-3s,Failed
2409,2023-12-23 09:54:11,774693,598376,NA-I,PCCC1,106.54,114.0,3.0,mmol/L,-2s,Approved
2370,2023-12-23 09:49:15,774693,598376,BILD2,PCCC1,0.6900000000000001,0.9400000000000001,0.08,mg/dL,-3s,Failed
2371,2023-12-23 09:47:58,774707,595396,BILD2,PCCC2,2.09,2.6,0.21,mg/dL,-2s,Approved
2410,2023-12-23 09:44:08,774693,598376,NA-I,PCCC1,106.08,114.0,3.0,mmol/L,-2s,Approved
2398,2023-12-23 08:56:59,774693,598376,K-I,PCCC1,3.36,3.55,0.11,mmol/L,-1s,Approved
2411,2023-12-23 08:55:17,774707,595396,NA-I,PCCC2,130.73,138.0,4.0,mmol/L,-1s,Approved
2412,2023-12-23 08:17:19,774693,598376,NA-I,PCCC1,105.95,114.0,3.0,mmol/L,-2s,Approved
2413,2023-12-23 08:17:19,774707,595396,NA-I,PCCC2,130.81,138.0,4.0,mmol/L,-1s,Approved
2414,2023-12-23 08:08:34,774707,595396,NA-I,PCCC2,131.32,138.0,4.0,mmol/L,-1s,Approved
2415,2023-12-23 08:08:34,774693,598376,NA-I,PCCC1,105.65,114.0,3.0,mmol/L,-2s,Approved
2416,2023-12-23 08:03:44,774707,595396,NA-I,PCCC2,131.9,138.0,4.0,mmol/L,-1s,Approved
2396,2023-12-23 07:57:23,774707,595396,K-D,PCCC2,7.52,8.03,0.24,mmol/L,-2s,Approved
2397,2023-12-23 07:57:22,774693,598376,K-D,PCCC1,3.62,3.9,0.12,mmol/L,-2s,Approved
2408,2023-12-23 07:57:22,774693,598376,NA-D,PCCC1,118.18,125.0,4.0,mmol/L,-1s,Approved
2407,2023-12-23 07:57:22,774707,595396,NA-D,PCCC2,147.15,156.0,5.0,mmol/L,-1s,Approved
2399,2023-12-23 07:53:41,774693,598376,K-I,PCCC1,3.32,3.55,0.11,mmol/L,-2s,Approved
2385,2023-12-23 07:53:41,774707,595396,CL-I,PCCC2,98.13,102.0,3.0,mmol/L,-1s,Approved
2400,2023-12-23 07:53:41,774707,595396,K-I,PCCC2,7.07,7.13,0.21,mmol/L,Average,Approved
2384,2023-12-23 07:53:41,774693,598376,CL-I,PCCC1,80.31,83.3,2.5,mmol/L,-1s,Approved
2388,2023-12-23 07:53:19,774707,595396,CRP4,PCCC2,4.84,5.1,0.34,mg/dl,Average,Approved
2389,2023-12-23 07:53:19,774693,598376,CRP4,PCCC1,0.56,0.61,0.04,mg/dl,-1s,Approved
2403,2023-12-23 07:52:58,774707,595396,LIP,PCCC2,94.24,98.9,5.9,U/L,Average,Approved
2404,2023-12-23 07:52:57,774693,598376,LIP,PCCC1,43.19,44.9,2.7,U/L,Average,Approved
2423,2023-12-23 07:50:51,774693,598376,UREL,PCCC1,40.38,38.9,1.9,mg/dL,Average,Approved
2424,2023-12-23 07:50:51,774707,595396,UREL,PCCC2,128.41,122.0,6.0,mg/dL,+1s,Approved
2421,2023-12-23 07:50:30,774693,598376,UA2,PCCC1,4.79,4.89,0.24,mg/dL,Average,Approved
2422,2023-12-23 07:50:30,774707,595396,UA2,PCCC2,10.11,10.1,0.5,mg/dL,Average,Approved
2419,2023-12-23 07:50:07,774707,595396,TRIGL,PCCC2,220.02,215.0,11.0,mg/dL,Average,Approved
2420,2023-12-23 07:50:07,774693,598376,TRIGL,PCCC1,118.89,117.0,6.0,mg/dL,Average,Approved
2418,2023-12-23 07:49:47,774707,595396,PHOS2,PCCC2,8.26,8.31,0.42,mg/dL,Average,Approved
2417,2023-12-23 07:49:47,774693,598376,PHOS2,PCCC1,3.8,3.84,0.19,mg/dL,Average,Approved
2406,2023-12-23 07:46:35,774693,598376,MG-2,PCCC1,1.9500000000000002,1.9100000000000001,0.08,mg/dL,Average,Approved
2405,2023-12-23 07:46:35,774707,595396,MG-2,PCCC2,3.19,3.23,0.13,mg/dL,Average,Approved
2402,2023-12-23 07:46:14,774707,595396,LDHI2,PCCC2,291.82,303.0,18.0,U/L,Average,Approved
2401,2023-12-23 07:46:14,774693,598376,LDHI2,PCCC1,153.62,168.0,10.0,U/L,-1s,Approved
2394,2023-12-23 07:45:53,774707,595396,HDLC4,PCCC2,49.69,49.5,4.0,mg/dL,Average,Approved
2395,2023-12-23 07:45:52,774693,598376,HDLC4,PCCC1,28.4,29.0,2.3,mg/dL,Average,Approved
2392,2023-12-23 07:45:32,774707,595396,GLUC3,PCCC2,249.0,243.0,12.0,mg/dL,Average,Approved
2393,2023-12-23 07:45:31,774693,598376,GLUC3,PCCC1,104.73,102.0,5.0,mg/dL,Average,Approved
2391,2023-12-23 07:45:10,774707,595396,GGTI2,PCCC2,223.87,225.0,14.0,U/L,Average,Approved
2390,2023-12-23 07:45:10,774693,598376,GGTI2,PCCC1,53.28,54.6,3.3,U/L,Average,Approved
2387,2023-12-23 07:44:49,774693,598376,CREJ2,PCCC1,1.04,1.07,0.06,mg/dL,Average,Approved
2386,2023-12-23 07:44:49,774707,595396,CREJ2,PCCC2,3.43,3.56,0.21,mg/dL,Average,Approved
2383,2023-12-23 07:44:28,774693,598376,CKMB2,PCCC1,43.84,42.1,3.4,U/L,Average,Approved
2382,2023-12-23 07:44:28,774707,595396,CKMB2,PCCC2,93.58,93.0,7.4,U/L,Average,Approved
2381,2023-12-23 07:44:06,774707,595396,CK2,PCCC2,261.15,267.0,16.0,U/L,Average,Approved
2380,2023-12-23 07:44:06,774693,598376,CK2,PCCC1,152.9,151.0,9.0,U/L,Average,Approved
2378,2023-12-23 07:43:45,774693,598376,CHOL2,PCCC1,96.65,102.0,5.0,mg/dL,-1s,Approved
2379,2023-12-23 07:43:45,774707,595396,CHOL2,PCCC2,161.85,166.0,8.0,mg/dL,Average,Approved
2376,2023-12-23 07:43:24,774707,595396,CA2,PCCC2,13.44,13.5,0.5,mg/dL,Average,Approved
2377,2023-12-23 07:43:23,774693,598376,CA2,PCCC1,8.76,8.86,0.35000000000000003,mg/dL,Average,Approved
2374,2023-12-23 07:43:02,774693,598376,BILT3,PCCC1,0.89,0.97,0.06,mg/dL,-1s,Approved
2375,2023-12-23 07:43:02,774707,595396,BILT3,PCCC2,3.41,3.5700000000000003,0.21,mg/dL,Average,Approved
2373,2023-12-23 07:42:41,774707,595396,BILD2,PCCC2,2.11,2.6,0.21,mg/dL,-2s,Approved
2372,2023-12-23 07:42:41,774693,598376,BILD2,PCCC1,0.71,0.9400000000000001,0.08,mg/dL,-3s,Failed
2364,2023-12-23 07:42:20,774693,598376,ASTL,PCCC1,46.17,44.2,2.7,U/L,Average,Approved
2365,2023-12-23 07:42:20,774707,595396,ASTL,PCCC2,148.57,141.0,8.0,U/L,Average,Approved
2362,2023-12-23 07:41:59,774707,595396,AMYL2,PCCC2,179.6,191.0,11.0,U/L,-1s,Approved
2363,2023-12-23 07:41:58,774693,598376,AMYL2,PCCC1,74.91,80.1,4.8,U/L,-1s,Approved
2360,2023-12-23 07:41:38,774707,595396,ALTL,PCCC2,118.24,124.0,7.0,U/L,Average,Approved
2361,2023-12-23 07:41:37,774693,598376,ALTL,PCCC1,41.38,48.1,2.9,U/L,-2s,Approved
2358,2023-12-23 07:41:19,774707,595396,ALP2S,PCCC2,233.27,239.0,14.0,U/L,Average,Approved
2359,2023-12-23 07:41:19,774693,598376,ALP2S,PCCC1,102.04,113.0,7.0,U/L,-1s,Approved
2356,2023-12-23 07:40:52,774707,595396,ALB2,PCCC2,5.62,5.41,0.32,g/dL,Average,Approved
2357,2023-12-23 07:40:51,774693,598376,ALB2,PCCC1,3.3,3.35,0.2,g/dL,Average,Approved
2334,2023-12-22 09:47:36,774707,595396,K-I,PCCC2,6.84,7.13,0.21,mmol/L,-1s,Approved
2344,2023-12-22 09:47:36,774707,595396,NA-I,PCCC2,131.15,138.0,4.0,mmol/L,-1s,Approved
2321,2023-12-22 09:47:36,774707,595396,CL-I,PCCC2,99.86,102.0,3.0,mmol/L,Average,Approved
2320,2023-12-22 09:47:36,774693,598376,CL-I,PCCC1,80.59,83.3,2.5,mmol/L,-1s,Approved
2345,2023-12-22 09:47:35,774693,598376,NA-I,PCCC1,105.63,114.0,3.0,mmol/L,-2s,Approved
2335,2023-12-22 09:47:35,774693,598376,K-I,PCCC1,3.33,3.55,0.11,mmol/L,-1s,Approved
2306,2023-12-22 09:22:33,774693,598376,BILD2,PCCC1,0.71,0.9400000000000001,0.08,mg/dL,-3s,Failed
2307,2023-12-22 09:22:33,774707,595396,BILD2,PCCC2,2.07,2.6,0.21,mg/dL,-2s,Approved
2341,2023-12-22 09:20:37,774693,598376,LIP,PCCC1,44.2,44.9,2.7,U/L,Average,Approved
2340,2023-12-22 09:20:37,774707,595396,LIP,PCCC2,87.99,98.9,5.9,U/L,-1s,Approved
2338,2023-12-22 09:19:36,774707,595396,LDHI2,PCCC2,276.79,303.0,18.0,U/L,-1s,Approved
2339,2023-12-22 09:19:35,774693,598376,LDHI2,PCCC1,167.57,168.0,10.0,U/L,Average,Approved
2315,2023-12-22 09:10:10,774693,598376,CHOL2,PCCC1,98.73,102.0,5.0,mg/dL,Average,Approved
2314,2023-12-22 09:10:10,774707,595396,CHOL2,PCCC2,150.28,166.0,8.0,mg/dL,-1s,Approved
2313,2023-12-22 09:09:50,774693,598376,CA2,PCCC1,8.78,8.86,0.35000000000000003,mg/dL,Average,Approved
2312,2023-12-22 09:09:50,774707,595396,CA2,PCCC2,12.81,13.5,0.5,mg/dL,-1s,Approved
2311,2023-12-22 09:09:29,774693,598376,BILT3,PCCC1,0.89,0.97,0.06,mg/dL,-1s,Approved
2310,2023-12-22 09:09:29,774707,595396,BILT3,PCCC2,3.04,3.5700000000000003,0.21,mg/dL,-2s,Approved
2308,2023-12-22 09:09:06,774693,598376,BILD2,PCCC1,0.71,0.9400000000000001,0.08,mg/dL,-3s,Failed
2309,2023-12-22 09:09:06,774707,595396,BILD2,PCCC2,1.98,2.6,0.21,mg/dL,-2s,Approved
2304,2023-12-22 09:08:45,774693,598376,ASTL,PCCC1,46.15,44.2,2.7,U/L,Average,Approved
2305,2023-12-22 09:08:45,774707,595396,ASTL,PCCC2,145.83,141.0,8.0,U/L,Average,Approved
2302,2023-12-22 09:08:24,774693,598376,AMYL2,PCCC1,74.77,80.1,4.8,U/L,-1s,Approved
2303,2023-12-22 09:08:24,774707,595396,AMYL2,PCCC2,171.84,191.0,11.0,U/L,-1s,Approved
2300,2023-12-22 09:08:03,774707,595396,ALTL,PCCC2,113.84,124.0,7.0,U/L,-1s,Approved
2301,2023-12-22 09:08:02,774693,598376,ALTL,PCCC1,47.11,48.1,2.9,U/L,Average,Approved
2299,2023-12-22 09:07:41,774707,595396,ALP2S,PCCC2,214.71,239.0,14.0,U/L,-1s,Approved
2298,2023-12-22 09:07:41,774693,598376,ALP2S,PCCC1,104.97,113.0,7.0,U/L,-1s,Approved
2296,2023-12-22 09:07:20,774693,598376,ALB2,PCCC1,3.4,3.35,0.2,g/dL,Average,Approved
2297,2023-12-22 09:07:20,774707,595396,ALB2,PCCC2,5.07,5.41,0.32,g/dL,-1s,Approved
2322,2023-12-22 09:03:40,774707,595396,CL-I,PCCC2,99.18,102.0,3.0,mmol/L,Average,Approved
2337,2023-12-22 09:03:39,774707,595396,K-I,PCCC2,6.85,7.13,0.21,mmol/L,-1s,Approved
2323,2023-12-22 09:03:39,774693,598376,CL-I,PCCC1,79.47,83.3,2.5,mmol/L,-1s,Approved
2347,2023-12-22 09:03:39,774707,595396,NA-I,PCCC2,129.26,138.0,4.0,mmol/L,-2s,Approved
2336,2023-12-22 09:03:39,774693,598376,K-I,PCCC1,3.31,3.55,0.11,mmol/L,-2s,Approved
2346,2023-12-22 09:03:39,774693,598376,NA-I,PCCC1,104.58,114.0,3.0,mmol/L,-3s,Failed
2326,2023-12-22 09:03:17,774707,595396,CRP4,PCCC2,4.54,5.1,0.34,mg/dl,-1s,Approved
2327,2023-12-22 09:03:17,774693,598376,CRP4,PCCC1,0.58,0.61,0.04,mg/dl,Average,Approved
2355,2023-12-22 08:59:01,774693,598376,UREL,PCCC1,37.95,38.9,1.9,mg/dL,Average,Approved
2354,2023-12-22 08:59:01,774707,595396,UREL,PCCC2,119.1,122.0,6.0,mg/dL,Average,Approved
2353,2023-12-22 08:58:40,774693,598376,UA2,PCCC1,4.88,4.89,0.24,mg/dL,Average,Approved
2352,2023-12-22 08:58:40,774707,595396,UA2,PCCC2,9.79,10.1,0.5,mg/dL,Average,Approved
2351,2023-12-22 08:58:19,774693,598376,TRIGL,PCCC1,118.55,117.0,6.0,mg/dL,Average,Approved
2350,2023-12-22 08:58:19,774707,595396,TRIGL,PCCC2,206.29,215.0,11.0,mg/dL,Average,Approved
2348,2023-12-22 08:57:58,774707,595396,PHOS2,PCCC2,7.67,8.31,0.42,mg/dL,-1s,Approved
2349,2023-12-22 08:57:57,774693,598376,PHOS2,PCCC1,3.7800000000000002,3.84,0.19,mg/dL,Average,Approved
2343,2023-12-22 08:57:36,774693,598376,MG-2,PCCC1,1.8900000000000001,1.9100000000000001,0.08,mg/dL,Average,Approved
2342,2023-12-22 08:57:36,774707,595396,MG-2,PCCC2,3.03,3.23,0.13,mg/dL,-1s,Approved
2332,2023-12-22 08:56:11,774707,595396,HDLC4,PCCC2,46.69,49.5,4.0,mg/dL,Average,Approved
2333,2023-12-22 08:56:11,774693,598376,HDLC4,PCCC1,29.0,29.0,2.3,mg/dL,Average,Approved
2330,2023-12-22 08:55:50,774707,595396,GLUC3,PCCC2,225.04,243.0,12.0,mg/dL,-1s,Approved
2331,2023-12-22 08:55:50,774693,598376,GLUC3,PCCC1,103.48,102.0,5.0,mg/dL,Average,Approved
2328,2023-12-22 08:55:29,774707,595396,GGTI2,PCCC2,208.42,225.0,14.0,U/L,-1s,Approved
2329,2023-12-22 08:55:28,774693,598376,GGTI2,PCCC1,54.78,54.6,3.3,U/L,Average,Approved
2324,2023-12-22 08:55:08,774707,595396,CREJ2,PCCC2,3.14,3.56,0.21,mg/dL,-2s,Approved
2325,2023-12-22 08:55:07,774693,598376,CREJ2,PCCC1,0.97,1.07,0.06,mg/dL,-1s,Approved
2318,2023-12-22 08:54:49,774707,595396,CKMB2,PCCC2,88.02,93.0,7.4,U/L,Average,Approved
2319,2023-12-22 08:54:49,774693,598376,CKMB2,PCCC1,43.87,42.1,3.4,U/L,Average,Approved
2317,2023-12-22 08:54:21,774707,595396,CK2,PCCC2,247.61,267.0,16.0,U/L,-1s,Approved
2316,2023-12-22 08:54:21,774693,598376,CK2,PCCC1,151.68,151.0,9.0,U/L,Average,Approved
2280,2023-12-21 09:53:48,774707,595396,NA-D,PCCC2,148.29,156.0,5.0,mmol/L,-1s,Approved
2253,2023-12-21 09:53:48,774693,598376,CL-D,PCCC1,82.94,87.0,2.6,mmol/L,-1s,Approved
2252,2023-12-21 09:53:48,774707,595396,CL-D,PCCC2,103.45,108.0,3.0,mmol/L,-1s,Approved
2270,2023-12-21 09:53:48,774707,595396,K-D,PCCC2,7.54,8.03,0.24,mmol/L,-2s,Approved
2281,2023-12-21 09:53:47,774693,598376,NA-D,PCCC1,117.82,125.0,4.0,mmol/L,-1s,Approved
2271,2023-12-21 09:53:47,774693,598376,K-D,PCCC1,3.65,3.9,0.12,mmol/L,-2s,Approved
2274,2023-12-21 09:50:55,774707,595396,K-I,PCCC2,7.24,7.13,0.21,mmol/L,Average,Approved
2284,2023-12-21 09:50:55,774707,595396,NA-I,PCCC2,132.62,138.0,4.0,mmol/L,-1s,Approved
2256,2023-12-21 09:50:55,774707,595396,CL-I,PCCC2,101.57,102.0,3.0,mmol/L,Average,Approved
2257,2023-12-21 09:50:54,774693,598376,CL-I,PCCC1,82.74,83.3,2.5,mmol/L,Average,Approved
2275,2023-12-21 09:50:54,774693,598376,K-I,PCCC1,3.39,3.55,0.11,mmol/L,-1s,Approved
2285,2023-12-21 09:50:54,774693,598376,NA-I,PCCC1,106.4,114.0,3.0,mmol/L,-2s,Approved
2293,2023-12-21 09:10:31,774707,595396,UREL,PCCC2,123.11,122.0,6.0,mg/dL,Average,Approved
2292,2023-12-21 09:10:31,774693,598376,UREL,PCCC1,39.6,38.9,1.9,mg/dL,Average,Approved
2265,2023-12-21 09:09:27,774707,595396,GLUC3,PCCC2,242.95,243.0,12.0,mg/dL,Average,Approved
2264,2023-12-21 09:09:27,774693,598376,GLUC3,PCCC1,102.56,102.0,5.0,mg/dL,Average,Approved
2238,2023-12-21 09:08:23,774693,598376,BILD2,PCCC1,0.72,0.9400000000000001,0.08,mg/dL,-2s,Approved
2239,2023-12-21 09:08:23,774707,595396,BILD2,PCCC2,2.14,2.6,0.21,mg/dL,-2s,Approved
2229,2023-12-21 09:06:58,774707,595396,ALP2S,PCCC2,236.12,239.0,14.0,U/L,Average,Approved
2228,2023-12-21 09:06:58,774693,598376,ALP2S,PCCC1,103.14,113.0,7.0,U/L,-1s,Approved
2225,2023-12-21 09:05:40,774707,595396,ALB2,PCCC2,5.57,5.41,0.32,g/dL,Average,Approved
2224,2023-12-21 09:05:40,774693,598376,ALB2,PCCC1,3.31,3.35,0.2,g/dL,Average,Approved
2230,2023-12-21 08:31:37,774693,598376,ALP2S,PCCC1,88.98,113.0,7.0,U/L,-3s,Failed
2254,2023-12-21 08:27:56,774693,598376,CL-D,PCCC1,104.24,87.0,2.6,mmol/L,+3s,Failed
2255,2023-12-21 08:27:56,774707,595396,CL-D,PCCC2,103.03,108.0,3.0,mmol/L,-1s,Approved
2282,2023-12-21 08:27:56,774707,595396,NA-D,PCCC2,147.59,156.0,5.0,mmol/L,-1s,Approved
2272,2023-12-21 08:27:56,774707,595396,K-D,PCCC2,7.41,8.03,0.24,mmol/L,-2s,Approved
2273,2023-12-21 08:27:56,774693,598376,K-D,PCCC1,4.07,3.9,0.12,mmol/L,+1s,Approved
2283,2023-12-21 08:27:55,774693,598376,NA-D,PCCC1,182.24,125.0,4.0,mmol/L,+3s,Failed
2261,2023-12-21 08:27:33,774693,598376,CRP4,PCCC1,0.51,0.61,0.04,mg/dl,-2s,Approved
2260,2023-12-21 08:27:33,774707,595396,CRP4,PCCC2,4.94,5.1,0.34,mg/dl,Average,Approved
2279,2023-12-21 08:27:12,774707,595396,LIP,PCCC2,95.2,98.9,5.9,U/L,Average,Approved
2278,2023-12-21 08:27:12,774693,598376,LIP,PCCC1,39.05,44.9,2.7,U/L,-2s,Approved
2294,2023-12-21 08:25:06,774707,595396,UREL,PCCC2,114.72,122.0,6.0,mg/dL,-1s,Approved
2295,2023-12-21 08:25:05,774693,598376,UREL,PCCC1,33.82,38.9,1.9,mg/dL,-2s,Approved
2291,2023-12-21 08:24:43,774693,598376,UA2,PCCC1,4.61,4.89,0.24,mg/dL,-1s,Approved
2290,2023-12-21 08:24:43,774707,595396,UA2,PCCC2,10.28,10.1,0.5,mg/dL,Average,Approved
2288,2023-12-21 08:24:23,774707,595396,TRIGL,PCCC2,220.26,215.0,11.0,mg/dL,Average,Approved
2289,2023-12-21 08:24:23,774693,598376,TRIGL,PCCC1,111.43,117.0,6.0,mg/dL,Average,Approved
2287,2023-12-21 08:21:11,774693,598376,PHOS2,PCCC1,3.55,3.84,0.19,mg/dL,-1s,Approved
2286,2023-12-21 08:21:11,774707,595396,PHOS2,PCCC2,8.31,8.31,0.42,mg/dL,Average,Approved
2276,2023-12-21 08:20:50,774693,598376,LDHI2,PCCC1,147.53,168.0,10.0,U/L,-2s,Approved
2277,2023-12-21 08:20:50,774707,595396,LDHI2,PCCC2,293.23,303.0,18.0,U/L,Average,Approved
2269,2023-12-21 08:20:28,774707,595396,HDLC4,PCCC2,49.14,49.5,4.0,mg/dL,Average,Approved
2268,2023-12-21 08:20:28,774693,598376,HDLC4,PCCC1,26.5,29.0,2.3,mg/dL,-1s,Approved
2266,2023-12-21 08:20:07,774693,598376,GLUC3,PCCC1,85.27,102.0,5.0,mg/dL,-3s,Failed
2267,2023-12-21 08:20:07,774707,595396,GLUC3,PCCC2,216.43,243.0,12.0,mg/dL,-2s,Approved
2262,2023-12-21 08:19:46,774707,595396,GGTI2,PCCC2,225.38,225.0,14.0,U/L,Average,Approved
2263,2023-12-21 08:19:46,774693,598376,GGTI2,PCCC1,47.85,54.6,3.3,U/L,-2s,Approved
2258,2023-12-21 08:19:25,774707,595396,CREJ2,PCCC2,3.31,3.56,0.21,mg/dL,-1s,Approved
2259,2023-12-21 08:19:24,774693,598376,CREJ2,PCCC1,0.97,1.07,0.06,mg/dL,-1s,Approved
2251,2023-12-21 08:19:03,774693,598376,CKMB2,PCCC1,41.33,42.1,3.4,U/L,Average,Approved
2250,2023-12-21 08:19:03,774707,595396,CKMB2,PCCC2,94.8,93.0,7.4,U/L,Average,Approved
2249,2023-12-21 08:18:42,774707,595396,CK2,PCCC2,264.53,267.0,16.0,U/L,Average,Approved
2248,2023-12-21 08:18:42,774693,598376,CK2,PCCC1,143.51,151.0,9.0,U/L,Average,Approved
2247,2023-12-21 08:18:21,774707,595396,CHOL2,PCCC2,161.4,166.0,8.0,mg/dL,Average,Approved
2246,2023-12-21 08:18:21,774693,598376,CHOL2,PCCC1,88.26,102.0,5.0,mg/dL,-2s,Approved
2244,2023-12-21 08:17:59,774693,598376,CA2,PCCC1,8.12,8.86,0.35000000000000003,mg/dL,-2s,Approved
2245,2023-12-21 08:17:59,774707,595396,CA2,PCCC2,13.33,13.5,0.5,mg/dL,Average,Approved
2243,2023-12-21 08:17:38,774707,595396,BILT3,PCCC2,3.48,3.5700000000000003,0.21,mg/dL,Average,Approved
2242,2023-12-21 08:17:38,774693,598376,BILT3,PCCC1,0.84,0.97,0.06,mg/dL,-2s,Approved
2241,2023-12-21 08:17:17,774693,598376,BILD2,PCCC1,0.67,0.9400000000000001,0.08,mg/dL,-3s,Failed
2240,2023-12-21 08:17:17,774707,595396,BILD2,PCCC2,2.11,2.6,0.21,mg/dL,-2s,Approved
